<?xml version="1.0" encoding="UTF-8"?>
<project-private xmlns="http://www.netbeans.org/ns/project-private/1">
    <editor-bookmarks xmlns="http://www.netbeans.org/ns/editor-bookmarks/2" lastBookmarkId="0"/>
    <open-files xmlns="http://www.netbeans.org/ns/projectui-open-files/2">
        <group>
            <file>file:/Users/albertovenegas/NetBeansProjects/Audit/src/app/audit.java</file>
            <file>file:/Users/albertovenegas/NetBeansProjects/Audit/src/app/ventana.java</file>
            <file>file:/Users/albertovenegas/NetBeansProjects/Audit/src/app/main.java</file>
            <file>file:/Users/albertovenegas/NetBeansProjects/Audit/src/app/articulosENSMedio.java</file>
            <file>file:/Users/albertovenegas/NetBeansProjects/Audit/src/app/DatabaseList4.java</file>
            <file>file:/Users/albertovenegas/NetBeansProjects/Audit/src/app/Grafico.java</file>
            <file>file:/Users/albertovenegas/NetBeansProjects/Audit/src/app/DatabaseList3.java</file>
            <file>file:/Users/albertovenegas/NetBeansProjects/Audit/src/app/DatabaseList.java</file>
        </group>
    </open-files>
</project-private>
